component,phase,status,owner,completion,target_date,notes
Digital Vision & Strategic Rationale,1,Completed,Tim,100,2024-11-15,Vision document approved
Strategic (Level 1) Metrics,1,Completed,Heather,100,2024-11-20,5 KPIs defined
Sponsorship & Governance,1,In Progress,Tim,75,2024-11-30,DSC meeting scheduled
Impact Assessment,1,In Progress,David,60,2024-12-05,High-impact areas identified
Behavioral & Mindset Shift,2,In Progress,Team Leads,40,2024-12-15,Communication plan drafted
Training & Capability Curriculum,2,In Progress,Dragon Sky,50,2024-12-20,Modules being developed
Communication Plan Execution,2,Not Started,,0,2025-01-05,
Phased Implementation,2,Not Started,,0,2025-01-10,
Resistance Management,2,Not Started,,0,2025-01-15,
AUP Metrics Tracking,3,Not Started,,0,2025-01-20,
Performance Alignment,3,Not Started,,0,2025-01-25,
Continuous Review Mechanism,3,Not Started,,0,2025-02-01,
Lessons Learned & Knowledge Transfer,3,Not Started,,0,2025-02-05,
